{"train loss": 0.3627546848908124, "top-1": 80.95, "top-5": 99.05000000000001, "_runtime": 19869, "_timestamp": 1633336322, "_step": 99, "_wandb": {"runtime": 19871}}