{"train loss": 0.9469088683931195, "epoch time": 77.13242508284748, "top-1": 63.14999999999999, "top-5": 96.89, "_runtime": 816, "_timestamp": 1633660070, "_step": 9, "_wandb": {"runtime": 817}}