{"top-1": 44.71, "top-5": 92.17, "train loss": 1.5022238485363064, "epoch time": 70.22786886915564, "_runtime": 763, "_timestamp": 1633727361, "_step": 9, "_wandb": {"runtime": 764}}