{"train loss": 0.292173037926356, "epoch avg time": 73.01267120800912, "top-1": 82.99, "top-5": 99.06, "_runtime": 3925, "_timestamp": 1633628777, "_step": 49, "_wandb": {"runtime": 3926}}