{"train loss": 1.436270823246691, "epoch time": 79.76990051008761, "top-1": 51.04, "top-5": 93.73, "_runtime": 630, "_timestamp": 1633679154, "_step": 6, "_wandb": {"runtime": 632}}