{"top-1": 61.019999999999996, "top-5": 96.00999999999999, "train loss": 1.088376712434146, "epoch time": 73.24733169726096, "_runtime": 805, "_timestamp": 1633764893, "_step": 9, "_wandb": {"runtime": 807}}