{"train loss": 1.0414924224726523, "top-1": 55.720000000000006, "top-5": 84.46000000000001, "_runtime": 19872, "_timestamp": 1633500559, "_step": 99, "_wandb": {"runtime": 19873}}