{"train loss": 0.6824726768029041, "top-1": 60.529999999999994, "top-5": 86.56, "_runtime": 6996, "_timestamp": 1633382383, "_step": 99, "_wandb": {"runtime": 6997}}