{"train loss": 1.9613092691470415, "_runtime": 226, "_timestamp": 1633240876, "_step": 3, "top-1": 23.549999999999997, "top-5": 78.41}