{"train loss": 2.738456374528457, "epoch time": 65.03674310538918, "top-1": 18.68, "top-5": 73.7, "_runtime": 115, "_timestamp": 1633660284, "_step": 0, "_wandb": {"runtime": 117}}