{"train loss": 0.951764811307956, "epoch time": 78.06050564395264, "top-1": 63.14999999999999, "top-5": 96.89, "_runtime": 812, "_timestamp": 1633760069, "_step": 9, "_wandb": {"runtime": 814}}