{"train loss": 2.602920883741134, "top-1": 22.939999999999998, "top-5": 78.81, "_runtime": 76, "_timestamp": 1633368273, "_step": 0, "_wandb": {"runtime": 77}}