{"train loss": 1.0755829887219621, "epoch time": 80.23079899093136, "top-1": 56.95, "top-5": 95.85000000000001, "_runtime": 894, "_timestamp": 1633677174, "_step": 9, "_wandb": {"runtime": 895}}