{"train loss": 5.682893973329094, "top-1": 10.040000000000001, "top-5": 50.0, "_runtime": 133, "_timestamp": 1633601143, "_step": 0, "_wandb": {"runtime": 134}}