{"train loss": 1.938131438022081, "epoch time": 80.12931639701128, "top-1": 31.009999999999998, "top-5": 84.5, "_runtime": 315, "_timestamp": 1633679482, "_step": 2, "_wandb": {"runtime": 316}}