{"train loss": 1.0089251990501698, "top-1": 58.050000000000004, "top-5": 85.52, "_runtime": 16721, "_timestamp": 1633460769, "_step": 99, "_wandb": {"runtime": 16721}}