{"train loss": 4.4916998342591885, "top-1": 10.07, "top-5": 50.019999999999996, "_runtime": 298, "_timestamp": 1633601154, "_step": 3, "_wandb": {"runtime": 299}}