{"top-1": 66.57, "top-5": 97.32, "train loss": 0.9810900495824765, "epoch time": 73.4896157166328, "_runtime": 889, "_timestamp": 1633766161, "_step": 10, "_wandb": {"runtime": 891}}