{"train loss": 279.92699914548996, "top-1": 10.040000000000001, "top-5": 50.0, "_runtime": 130, "_timestamp": 1633583748, "_step": 0, "_wandb": {"runtime": 132}}