{"train loss": 0.36894511282444, "top-1": 81.14, "top-5": 98.92999999999999, "_runtime": 11351, "_timestamp": 1633403735, "_step": 66, "_wandb": {"runtime": 11352}}