{"top-1": 23.119999999999997, "top-5": 77.85, "train loss": 2.0902622185495434, "epoch time": 77.40748958010226, "_runtime": 189, "_timestamp": 1633765234, "_step": 1, "_wandb": {"runtime": 190}}