{"train loss": 0.8058646667209691, "top-1": 71.89, "top-5": 97.96000000000001, "_runtime": 7298, "_timestamp": 1633580680, "_step": 8, "_wandb": {"runtime": 7299}}