{"train loss": 2.9556334288874293, "_runtime": 85, "_timestamp": 1633238991, "_step": 2, "top-1": 74.85000000000001, "_wandb": {"runtime": 160}}